{
    "version": 1,
    "kind": "project",
    "id": "T.TeamFoundation",
    "category": "T.Import",
    "trDescription": "Checks out a Team Foundation repository and tries to load the contained project.",
    "trDisplayName": "Team Foundation Checkout",
    "trDisplayCategory": "Import Project",
    "icon": "icon.png",
    "enabled": "%{JS: [ %{Plugins} ].indexOf('TeamFoundation') >= 0}",

    "options":
    [
        { "key": "vcsId", "value": "T.TeamFoundation" },
        { "key": "vcsName", "value": "%{JS: Vcs.displayName('%{vcsId}')}" },
        { "key": "SR", "value": "%{JS: '%{Repo}'.replace(/\\/$/, '') }"},
        { "key": "defaultDir", "value": "%{JS: '%{SR}'.substr('%{SR}'.lastIndexOf('/') + 1).replace(/\\./, '-') }"},
        { "key": "TargetPath", "value": "%{Path}/%{Dir}" },
        { "key": "CollectionArg", "value": "%{JS: '%{Collection}' !== '' ? '/collection:' + '%{Collection}' : ''}" },
        { "key": "WorkspaceArg", "value": "%{JS: '%{Workspace}' !== '' ? '/workspace:' + '%{Workspace}' : ''}" }
    ],

    "pages":
    [
        {
            "trDisplayName": "Configuration",
            "trShortTitle": "Configuration",
            "trSubTitle": "Please configure <b>%{vcsName}</b> now.",
            "typeId": "VcsConfiguration",
            "enabled": "%{JS: !Vcs.isConfigured('%{vcsId}')}",
            "data": { "vcsId": "%{vcsId}" }
        },
        {
            "trDisplayName": "Location",
            "trShortTitle": "Location",
            "trSubTitle": "Specify server path, checkout directory, and path.",
            "typeId": "Fields",
            "data" :
            [
                {
                    "name": "Repo",
                    "trDisplayName": "Repository:",
                    "mandatory": true,
                    "type": "LineEdit",
                    "data":
                    {
                        "trText": "$/"
                    }
                },
                {
                    "name": "Collection",
                    "trDisplayName": "Collection:",
                    "type": "LineEdit",
                    "data":
                    {
                        "trText": "DefaultCollection"
                    }
                },
                {
                    "name": "Workspace",
                    "trDisplayName": "Workspace:",
                    "type": "LineEdit"
                },
                {
                    "name": "Sp1",
                    "type": "Spacer",
                    "data": { "factor": 2 }
                },
                {
                    "name": "Path",
                    "trDisplayName": "Path:",
                    "type": "PathChooser",
                    "data":
                    {
                        "kind": "existingDirectory",
                        "basePath": "%{InitialPath}",
                        "path": "%{InitialPath}"
                    }
                },
                {
                    "name": "Dir",
                    "trDisplayName": "Directory:",
                    "mandatory": true,
                    "type": "LineEdit",
                    "isComplete": "%{JS: '%{Dir}' === '' || !Util.exists('%{TargetPath}')}",
                    "trIncompleteMessage": "\"%{JS: Util.toNativeSeparators('%{TargetPath}')}\" exists in the filesystem.",
                    "data":
                    {
                        "trText": "%{defaultDir}"
                    }
                }
            ]
        },
        {
            "trDisplayName": "Checkout",
            "trShortTitle": "Checkout",
            "typeId": "VcsCommand",
            "data" :
            {
                "vcsId": "%{vcsId}",
                "trRunMessage": "Running Team Foundation checkout...",
                "repository": "%{Repo}",
                "baseDirectory": "%{Path}",
                "checkoutName": "%{Dir}",
                "extraArguments":
                [
                    "%{CollectionArg}",
                    "%{WorkspaceArg}"
                ]
            }
        }
    ],

    "generators":
    [
        {
            "typeId": "Scanner",
            "data": {
                "subdirectoryPatterns": [ "^src$" ]
            }
        }
    ]
}
